Question,Answer,timestamp
What is the mobile phone policy?,"The **Mobile Phone Policy** sets standards for the appropriate and responsible use of mobile devices in the organization.

Key points:
- **Acceptable use:** Mobile devices are mainly for work-related tasks; limited personal use is allowed if it doesn’t interfere with work.
- **Security:** Protect your device and credentials, be cautious with unfamiliar apps/links, and report suspicious activity promptly.
- **Confidentiality:** Don’t send sensitive company information through unsecured messaging apps or email, and be discreet about company matters in public.
- **Cost management:** Keep personal usage separate from company accounts and reimburse personal charges on company-issued phones.
- **Compliance:** Follow all relevant laws and regulations, including data protection and privacy rules.
- **Lost or stolen devices:** Report them immediately to IT or your supervisor.
- **Consequences:** Violations may result in disciplinary action, including loss of mobile phone privileges.

The policy is intended to promote responsible and secure mobile device use in line with legal and ethical standards.",2026-06-20 22:53:03.398258
What is the mobile phone policy?,"The **Mobile Phone Policy** sets standards for the appropriate and responsible use of mobile devices in the organization.

Key points:
- **Acceptable use:** Mobile devices are mainly for work-related tasks; limited personal use is allowed if it doesn’t interfere with work.
- **Security:** Protect your device and credentials, be cautious with unfamiliar apps/links, and report suspicious activity promptly.
- **Confidentiality:** Don’t send sensitive company information through unsecured messaging apps or email, and be discreet about company matters in public.
- **Cost management:** Keep personal usage separate from company accounts and reimburse personal charges on company-issued phones.
- **Compliance:** Follow all relevant laws and regulations, including data protection and privacy rules.
- **Lost or stolen devices:** Report them immediately to IT or your supervisor.
- **Consequences:** Violations may result in disciplinary action, including loss of mobile phone privileges.

The policy is intended to promote responsible and secure mobile device use in line with legal and ethical standards.",2026-06-20 22:53:20.796997
